codigo_modular,nombre_institucion,X13_TMATRC,X13_TMATRC_MANN_KENDALL_S,X13_TMATRC_MANN_KENDALL_Z,X13_TMATRC_MANN_KENDALL_P,X13_TMATRC_CATEGORIA
3916573,VIRGEN DE LAS MERCEDES,0.0,1.0,0.0,1.0,ESTABLE
838455,HUARAC HUARAN,0.0,0.0,0.0,1.0,ESTABLE
3891735,MARIA AUXILIADORA,-0.4,-3.0,-0.3757345746510897,0.7071142312899614,ESTABLE
1315084,86548 JOSE MARIA VELAZ,1.0,9.0,1.502938298604359,0.13285495573105388,ESTABLE
414987,86548 JOSE MARIA VELAZ,-5.5,-11.0,-1.8786728732554487,0.060289173990602185,ESTABLE
1376268,86548 JOSE MARIA VELAZ,0.0,0.0,0.0,1.0,ESTABLE
415059,86731,0.3333333333333333,2.0,0.18786728732554486,0.8509806870320558,ESTABLE
1633189,86769 ABRAHAM VALDELOMAR,-2.8,-7.0,-1.1272037239532693,0.25965635637045015,ESTABLE
415117,86769 ABRAHAM VALDELOMAR,-2.3333333333333335,-9.0,-1.502938298604359,0.13285495573105388,ESTABLE
1608132,86769 ABRAHAM VALDELOMAR,0.3333333333333333,1.0,0.0,1.0,ESTABLE
415141,86783,-2.0,-8.0,-1.315071011278814,0.18848603806737474,ESTABLE
1376300,86783,6.6,12.0,2.0665401605809937,0.03877750439230665,CRECIMIENTO_SIGNIFICATIVO
520221,86809,-2.0,-15.0,-2.630142022557628,0.008534920414227098,CAMBIO_LEVE_SIGNIFICATIVO
818682,87009-01,2.2,9.0,1.502938298604359,0.13285495573105388,ESTABLE
1551944,87009-01,2.0,13.0,2.2544074479065386,0.024170547174545254,CAMBIO_LEVE_SIGNIFICATIVO
1376318,88247 SAN ENRIQUE,-1.6666666666666667,-8.0,-1.315071011278814,0.18848603806737474,ESTABLE
541201,88247 SAN ENRIQUE,-1.8,-8.0,-1.315071011278814,0.18848603806737474,ESTABLE
686386,88327,0.0,-5.0,-0.7514691493021795,0.4523703606773608,ESTABLE
1306182,852,-0.5,-2.0,-0.18786728732554486,0.8509806870320558,ESTABLE
1200906,SAN IGNACIO DE LOYOLA FE Y ALEGRIA 44,0.0,0.0,0.0,1.0,ESTABLE
409797,50504,-7.666666666666667,-14.0,-2.442274735232083,0.014595034919316685,DECRECIMIENTO_SIGNIFICATIVO
410118,50536,-3.0,-15.0,-2.630142022557628,0.008534920414227098,DECRECIMIENTO_SIGNIFICATIVO
933960,SAN IGNACIO DE LOYOLA FE Y ALEGRIA 44,-9.0,-9.0,-1.502938298604359,0.13285495573105388,ESTABLE
410316,50558,-8.0,-11.0,-1.8786728732554487,0.060289173990602185,ESTABLE
1062058,501344,-1.8,-14.0,-2.442274735232083,0.014595034919316685,CAMBIO_LEVE_SIGNIFICATIVO
409706,50495,-2.0,-14.0,-2.442274735232083,0.014595034919316685,CAMBIO_LEVE_SIGNIFICATIVO
410100,50535,-4.0,-10.0,-1.6908055859299038,0.09087393998624904,ESTABLE
204933,50715,-2.0,-15.0,-2.630142022557628,0.008534920414227098,CAMBIO_LEVE_SIGNIFICATIVO
519793,50912,-0.8,-8.0,-1.315071011278814,0.18848603806737474,ESTABLE
592428,50976,-1.6666666666666667,-8.0,-1.315071011278814,0.18848603806737474,ESTABLE
205716,50796,-0.8,-5.0,-0.7514691493021795,0.4523703606773608,ESTABLE
409672,50492 CORAZON DE JESUS,-3.5,-11.0,-1.8786728732554487,0.060289173990602185,ESTABLE
410225,50547,-6.5,-15.0,-2.630142022557628,0.008534920414227098,DECRECIMIENTO_SIGNIFICATIVO
410233,50550,0.5,4.0,0.5636018619766346,0.5730251193553904,ESTABLE
410258,50552 TUPAC AMARU II,-4.666666666666667,-11.0,-1.8786728732554487,0.060289173990602185,ESTABLE
410266,50553,-5.0,-15.0,-2.630142022557628,0.008534920414227098,DECRECIMIENTO_SIGNIFICATIVO
204974,50719 VIRGEN DEL CARMEN,2.0,5.0,0.7514691493021795,0.4523703606773608,ESTABLE
205401,50765,-2.3333333333333335,-13.0,-2.2544074479065386,0.024170547174545254,DECRECIMIENTO_SIGNIFICATIVO
487140,50854,-5.5,-15.0,-2.630142022557628,0.008534920414227098,DECRECIMIENTO_SIGNIFICATIVO
592543,50977,-4.0,-13.0,-2.2544074479065386,0.024170547174545254,DECRECIMIENTO_SIGNIFICATIVO
421594,130,1.8,8.0,1.315071011278814,0.18848603806737474,ESTABLE
633040,156,0.4,5.0,0.7514691493021795,0.4523703606773608,ESTABLE
420380,36161 SAN VICENTE DE PAUL,-2.0,-10.0,-1.6908055859299038,0.09087393998624904,ESTABLE
420406,36163 JAVIER HERAUD PEREZ,0.6,7.0,1.1272037239532693,0.25965635637045015,ESTABLE
1060276,CORAS,2.0,13.0,2.2544074479065386,0.024170547174545254,CAMBIO_LEVE_SIGNIFICATIVO
420430,36166 HEROES 29 DE AGOSTO,-1.0,-5.0,-0.7514691493021795,0.4523703606773608,ESTABLE
420448,36167,-2.25,-5.0,-0.7514691493021795,0.4523703606773608,ESTABLE
420562,36201 NUESTRA SEÑORA DEL ROSARIO,-0.2,-7.0,-1.1272037239532693,0.25965635637045015,ESTABLE
740365,RAMON CASTILLA MARQUEZADO,-2.25,-9.0,-1.502938298604359,0.13285495573105388,ESTABLE
686741,177,-4.25,-10.0,-1.6908055859299038,0.09087393998624904,ESTABLE
428771,36173 SANTIAGO ANTUNEZ DE MAYOLO,-0.3333333333333333,-5.0,-0.7514691493021795,0.4523703606773608,ESTABLE
687194,36465 MICAELA BASTIDAS PUYUCAHUA,-0.25,-2.0,-0.18786728732554486,0.8509806870320558,ESTABLE
579987,JORGE CHAVEZ,-11.2,-15.0,-2.630142022557628,0.008534920414227098,DECRECIMIENTO_SIGNIFICATIVO
1320001,601614,-0.4,-4.0,-0.5636018619766346,0.5730251193553904,ESTABLE
721639,404,-0.25,-6.0,-0.9393364366277244,0.34755803674116903,ESTABLE
721647,405,0.0,0.0,0.0,1.0,ESTABLE
738203,475,-2.0,-14.0,-2.442274735232083,0.014595034919316685,CAMBIO_LEVE_SIGNIFICATIVO
1151331,536 MI CASITA DEL SABER,3.5,7.0,1.1272037239532693,0.25965635637045015,ESTABLE
1151414,538,-5.4,-11.0,-1.8786728732554487,0.060289173990602185,ESTABLE
1152057,604,-2.3333333333333335,-14.0,-2.442274735232083,0.014595034919316685,DECRECIMIENTO_SIGNIFICATIVO
1152255,656,0.5,9.0,1.502938298604359,0.13285495573105388,ESTABLE
1152321,678,-0.25,-2.0,-0.18786728732554486,0.8509806870320558,ESTABLE
1261577,60133,17.0,11.0,1.8786728732554487,0.060289173990602185,ESTABLE
398313,60133,-7.6,-15.0,-2.630142022557628,0.008534920414227098,DECRECIMIENTO_SIGNIFICATIVO
398347,60136,1.75,8.0,1.315071011278814,0.18848603806737474,ESTABLE
398370,60181,1.0,10.0,1.6908055859299038,0.09087393998624904,ESTABLE
738419,601330,1.0,4.0,0.5636018619766346,0.5730251193553904,ESTABLE
1147735,601331,4.0,5.0,0.7514691493021795,0.4523703606773608,ESTABLE
1153527,601391,1.0,6.0,0.9393364366277244,0.34755803674116903,ESTABLE
1153881,601444,1.0,8.0,1.315071011278814,0.18848603806737474,ESTABLE
1153964,601448,-1.8,-11.0,-1.8786728732554487,0.060289173990602185,ESTABLE
1154129,601496,-1.5,-5.0,-0.7514691493021795,0.4523703606773608,ESTABLE
1563212,601511,-0.2,-2.0,-0.18786728732554486,0.8509806870320558,ESTABLE
1154368,601511,2.6,13.0,2.2544074479065386,0.024170547174545254,CRECIMIENTO_SIGNIFICATIVO
1154400,601514,0.0,0.0,0.0,1.0,ESTABLE
1154608,601528,-0.6666666666666666,-6.0,-0.9393364366277244,0.34755803674116903,ESTABLE
1148402,6010102,3.0,11.0,1.8786728732554487,0.060289173990602185,ESTABLE
651398,6010178,0.8,4.0,0.5636018619766346,0.5730251193553904,ESTABLE
1210491,6010230 BARBARA D'ACHILLE,-2.0,-9.0,-1.502938298604359,0.13285495573105388,ESTABLE
683466,6010230 BARBARA D'ACHILLE,-2.0,-7.0,-1.1272037239532693,0.25965635637045015,ESTABLE
1527233,6010231,3.25,8.0,1.315071011278814,0.18848603806737474,ESTABLE
683474,6010231,-1.0,-2.0,-0.18786728732554486,0.8509806870320558,ESTABLE
682211,EL MILAGRO,13.666666666666666,13.0,2.2544074479065386,0.024170547174545254,CRECIMIENTO_SIGNIFICATIVO
1261775,601563,1.5,10.0,1.6908055859299038,0.09087393998624904,ESTABLE
571232,58,2.0,5.0,0.7514691493021795,0.4523703606773608,ESTABLE
737783,467,-1.0,-6.0,-0.9393364366277244,0.34755803674116903,ESTABLE
737791,469,3.0,10.0,1.6908055859299038,0.09087393998624904,ESTABLE
937813,489 JOSE MARIA VELAZ,0.75,3.0,0.3757345746510897,0.7071142312899614,ESTABLE
938118,731,3.5,10.0,1.6908055859299038,0.09087393998624904,ESTABLE
938142,732 VIRGEN DE MONSERRAT,-0.25,-2.0,-0.18786728732554486,0.8509806870320558,ESTABLE
674895,14045,0.2,5.0,0.7514691493021795,0.4523703606773608,ESTABLE
260307,14141,-1.4,-8.0,-1.315071011278814,0.18848603806737474,ESTABLE
916023,14144 SANTA ROSA,19.6,11.0,1.8786728732554487,0.060289173990602185,ESTABLE
260315,14145 SANTA JULIA BILLIART,0.6666666666666666,2.0,0.18786728732554486,0.8509806870320558,ESTABLE
1715820,14894,2.0,10.0,1.6908055859299038,0.09087393998624904,ESTABLE
571745,14894,-1.6666666666666667,-10.0,-1.6908055859299038,0.09087393998624904,ESTABLE
571356,14924 DANIEL ALCIDES CARRION,-12.75,-5.0,-0.7514691493021795,0.4523703606773608,ESTABLE
613943,14975,-2.5,-8.0,-1.315071011278814,0.18848603806737474,ESTABLE
464610,15219,0.6,6.0,0.9393364366277244,0.34755803674116903,ESTABLE
464628,15220,0.0,1.0,0.0,1.0,ESTABLE
355271,15304,-2.4,-13.0,-2.2544074479065386,0.024170547174545254,DECRECIMIENTO_SIGNIFICATIVO
552661,15314,1.0,7.0,1.1272037239532693,0.25965635637045015,ESTABLE
561084,SAGRADO CORAZON DE JESUS,1.8,10.0,1.6908055859299038,0.09087393998624904,ESTABLE
355289,15383,-3.0,-9.0,-1.502938298604359,0.13285495573105388,ESTABLE
673780,15478,-0.6666666666666666,-12.0,-2.0665401605809937,0.03877750439230665,CAMBIO_LEVE_SIGNIFICATIVO
840595,20104,0.3333333333333333,2.0,0.18786728732554486,0.8509806870320558,ESTABLE
840504,20123,-0.5,-1.0,0.0,1.0,ESTABLE
626424,15055,-1.25,-13.0,-2.2544074479065386,0.024170547174545254,CAMBIO_LEVE_SIGNIFICATIVO
595082,294,1.8,3.0,0.3757345746510897,0.7071142312899614,ESTABLE
595108,295,1.0,6.0,0.9393364366277244,0.34755803674116903,ESTABLE
715011,333-B,9.0,11.0,1.8786728732554487,0.060289173990602185,ESTABLE
271379,64028,-1.75,-3.0,-0.3757345746510897,0.7071142312899614,ESTABLE
271551,64048,1.0,10.0,1.6908055859299038,0.09087393998624904,ESTABLE
275107,64115,-1.8,-9.0,-1.502938298604359,0.13285495573105388,ESTABLE
530535,64641,0.0,0.0,0.0,1.0,ESTABLE
733535,64871-B,11.5,9.0,1.502938298604359,0.13285495573105388,ESTABLE
272773,64508-B,0.0,0.0,0.0,1.0,ESTABLE
273359,64545-B,-0.6666666666666666,-5.0,-0.7514691493021795,0.4523703606773608,ESTABLE
657122,64798,2.5,7.0,1.1272037239532693,0.25965635637045015,ESTABLE
666677,64829,0.0,1.0,0.0,1.0,ESTABLE
1568799,525-B,0.4,4.0,0.5636018619766346,0.5730251193553904,ESTABLE
733600,64873-B,8.5,14.0,2.442274735232083,0.014595034919316685,CRECIMIENTO_SIGNIFICATIVO
807156,64949,-1.5,-9.0,-1.502938298604359,0.13285495573105388,ESTABLE
1343813,ALMIRANTE MIGUEL GRAU SEMINARIO,-1.2,-3.0,-0.3757345746510897,0.7071142312899614,ESTABLE
830885,64996,2.3333333333333335,13.0,2.2544074479065386,0.024170547174545254,CRECIMIENTO_SIGNIFICATIVO
1374834,846,0.5,1.0,0.0,1.0,ESTABLE
1433515,65199,-1.5,-13.0,-2.2544074479065386,0.024170547174545254,CAMBIO_LEVE_SIGNIFICATIVO
1457605,501432,-5.0,-14.0,-2.442274735232083,0.014595034919316685,DECRECIMIENTO_SIGNIFICATIVO
1772672,501432 PAPA FRANCISCO I,11.6,15.0,2.630142022557628,0.008534920414227098,CRECIMIENTO_SIGNIFICATIVO
1495167,843,-0.3333333333333333,-8.0,-1.315071011278814,0.18848603806737474,ESTABLE
1516269,909,-6.75,-14.0,-2.442274735232083,0.014595034919316685,DECRECIMIENTO_SIGNIFICATIVO
1516277,910,4.5,10.0,1.6908055859299038,0.09087393998624904,ESTABLE
1402866,36789 NUESTRA SEÑORA DEL CARMEN,0.0,0.0,0.0,1.0,ESTABLE
428920,36207,1.3333333333333333,15.0,2.630142022557628,0.008534920414227098,CAMBIO_LEVE_SIGNIFICATIVO
1625904,555-B,1.6666666666666667,5.0,0.7514691493021795,0.4523703606773608,ESTABLE
1625938,559,-1.0,-11.0,-1.8786728732554487,0.060289173990602185,ESTABLE
1625987,564,0.0,0.0,0.0,1.0,ESTABLE
1626001,566,0.5,8.0,1.315071011278814,0.18848603806737474,ESTABLE
1741123,501455 CRISTO REY TTIKARIY,0.5,4.0,0.5636018619766346,0.5730251193553904,ESTABLE
1636455,501455 CRISTO REY TTIKARIY,0.0,0.0,0.0,1.0,ESTABLE
1378355,601678,1.0,4.0,0.5636018619766346,0.5730251193553904,ESTABLE
1273960,601580,-1.2,-4.0,-0.5636018619766346,0.5730251193553904,ESTABLE
1263219,601571,-1.5,-8.0,-1.315071011278814,0.18848603806737474,ESTABLE
1682285,601571,-0.2,-3.0,-0.3757345746510897,0.7071142312899614,ESTABLE
1527365,808,0.6666666666666666,1.0,0.0,1.0,ESTABLE
1527340,809,0.3333333333333333,4.0,0.5636018619766346,0.5730251193553904,ESTABLE
1527381,810,-1.25,-12.0,-2.0665401605809937,0.03877750439230665,CAMBIO_LEVE_SIGNIFICATIVO
1527373,812,1.0,2.0,0.18786728732554486,0.8509806870320558,ESTABLE
1262856,601570,0.0,1.0,0.0,1.0,ESTABLE
1457365,LOS RIT'IS DEL ALTO ANDINO,4.5,11.0,1.8786728732554487,0.060289173990602185,ESTABLE
1681212,1341,0.25,2.0,0.18786728732554486,0.8509806870320558,ESTABLE
1236397,TECNICO MARIA TERESA DE JESUS GERHARDINGER,14.0,15.0,2.630142022557628,0.008534920414227098,CRECIMIENTO_SIGNIFICATIVO
1527399,811,0.8,9.0,1.502938298604359,0.13285495573105388,ESTABLE
1715416,1416,1.2,6.0,0.9393364366277244,0.34755803674116903,ESTABLE
1715424,1417,-3.0,-10.0,-1.6908055859299038,0.09087393998624904,ESTABLE
1715440,1419,2.3333333333333335,6.0,0.9393364366277244,0.34755803674116903,ESTABLE
1745710,1558,-1.3333333333333333,-2.0,-0.18786728732554486,0.8509806870320558,ESTABLE
1745728,1559,1.0,6.0,0.9393364366277244,0.34755803674116903,ESTABLE
1785138,36831,1.6666666666666665,6.0,1.224744871391589,0.22067136191984682,ESTABLE
1151695,573,-1.3333333333333333,-11.0,-1.8786728732554487,0.060289173990602185,ESTABLE
1678879,693,-1.3333333333333333,-6.0,-0.9393364366277244,0.34755803674116903,ESTABLE
1781897,64346,1.0,1.0,0.0,1.0,ESTABLE
3025715,5154 SANTIAGO ANTUNEZ DE MAYOLO,28.0,15.0,2.630142022557628,0.008534920414227098,CRECIMIENTO_SIGNIFICATIVO
0428714,36153 SAYRI TUPAC,0.3333333333333333,6.0,1.224744871391589,0.22067136191984682,ESTABLE
0304642,64155,-0.15,0.0,0.0,1.0,ESTABLE
0488403,88225,4.25,5.0,0.9797958971132712,0.327186877790306,ESTABLE
1768829,1574,-0.5,-5.0,-0.7514691493021795,0.4523703606773608,ESTABLE
0600692,NUESTRA SE¥ORA DE LA CANDELARIA,-21.0,-10.0,-2.2045407685048604,0.0274863361115103,DECRECIMIENTO_SIGNIFICATIVO
